competitor,product,source_platform,review_id,date,rating,title,body,reviewer_name,is_verified,is_recommended,helpful_count,reviewer_attributes
Hers,Minoxidil 2% Topical Solution,target,413693959,2026-01-20T16:12:46.000+00:00,4,,Great on your scalpel.,Annie,[],True,0,"{""rating_quality"": 5, ""rating_value"": 5}"
Hers,Minoxidil 2% Topical Solution,target,413379141,2026-01-18T02:23:23.000+00:00,5,Seems to be working,Been using about 4 months and i do see a difference. I'm 78 yo & seeing thinning hairline but I am seeing some improvement.,Kath,[],,1,{}
Hers,Minoxidil 2% Topical Solution,target,404549807,2025-11-13T16:46:58.000+00:00,5,,Good,thao,[],,0,{}
Hers,Minoxidil 2% Topical Solution,target,388949189,2025-06-17T16:28:17.000+00:00,5,So far so good.,"I started using this product a month ago on my edges.

 (So far it seems to be working)",Doll,[],True,4,"{""rating_quality"": 5, ""rating_value"": 5}"
Hers,Minoxidil 2% Topical Solution,target,380632289,2025-04-01T15:12:49.000+00:00,5,This actually seems to he working!,"I've been using this on the hairline right above my temples, where I noticed it receding - especially if I wore a high ponytail. Baby hair is definitely growing in the places I've applied it, and I can tell a difference.",DontHaveAScreenName,[],True,4,"{""rating_quality"": 5, ""rating_value"": 5}"
Hers,Minoxidil 2% Topical Solution,target,379563484,2025-03-22T05:31:15.000+00:00,1,Returning,"Looks like grease on your hair, gross. No idea how ppl do twice a day as recommended",C,[],False,8,"{""rating_quality"": 1, ""rating_value"": 1}"
Hers,Minoxidil 2% Topical Solution,target,377395930,2025-03-03T00:34:47.000+00:00,5,Hair full again!,Omg! With this product and eating right my thin patch has grown back! I am so thrilled and I will never stop using this. It took a good 3 mths but it is so worth it.,MS,[],True,6,"{""rating_quality"": 5, ""rating_value"": 5}"
Hers,Minoxidil 2% Topical Solution,target,377240907,2025-03-01T18:47:04.000+00:00,1,"Target sold three bottles of medicine , two of which have been expired for two full years! Refuse to refund!! Placed blame with me for recieving the danerously expired medicine!!",Paid in full for three bottle of minoxidil hair serum. Two bottles have an expiration date of 03/2023! TWO full years!! How does this dangerous situation happen with medication!! Target is unconcerned that they have shipped medication that is dangerous because it is shockingly expired!,pamela,[],False,23,"{""rating_quality"": 1, ""rating_value"": 1}"
Hers,Minoxidil 2% Topical Solution,target,374059633,2025-01-30T20:38:17.000+00:00,4,Hair it is!,Seems to help. Requires continuous use.,Starie,[],True,2,"{""rating_quality"": 4, ""rating_value"": 5}"
Hers,Minoxidil 2% Topical Solution,target,371607763,2025-01-10T18:19:30.000+00:00,2,Wish it had worked out.,My order arrived open & will expire in February 2025. Of course I retuned it. No option to purchase in the store.,Garden girl,[],False,10,"{""rating_quality"": 2, ""rating_value"": 4}"
Hers,Minoxidil 2% Topical Solution,target,365904757,2024-12-03T03:36:51.000+00:00,5,Seeing results in 3 months!,"My hair is very thin and I am already seeing results after 3 months. I use it daily, morning and night. I like that it dries fairly quickly in your hair and does not leave my hair feeling or looking greasy. I used a different hair growth serum for over a year with no results, but this one really works!",Amy,[],True,14,"{""rating_quality"": 5, ""rating_value"": 5}"
Hers,Minoxidil 2% Topical Solution,target,363602671,2024-11-15T02:43:32.000+00:00,2,"Liquid like water, not serum consistancy.","It says “serum”, but this has the consistency of water & drips terribly.",Me,[],,7,{}
Hers,Minoxidil 2% Topical Solution,target,360608788,2024-10-18T03:54:27.000+00:00,2,Doesnt do anything,Unfortunately this did nothing for me. Save your money,Samp,[],False,7,"{""rating_quality"": 1, ""rating_value"": 2}"
Hers,Minoxidil 2% Topical Solution,target,357359093,2024-09-15T04:28:29.000+00:00,2,I wish i saw the box before...,I didn’t know it dealt with only the top of the hair and not around the hairline. I bought it thinking of the ads I saw . I have problems around my hairline. I dipped my toe in it.,saraShalelee9,[],False,7,"{""rating_quality"": 3, ""rating_value"": 2}"
Hers,Minoxidil 2% Topical Solution,target,356986976,2024-09-11T01:24:33.000+00:00,1,Disappointed,The item was expired.,JR,[],,5,{}
Hers,Minoxidil 2% Topical Solution,target,350240293,2024-07-13T12:26:22.000+00:00,4,Helps Decrease Shedding,"I’ve been using the product regularly for one year. I like the way the shampoo and conditioner leaves my hair feeling moisturized. Although I have not seen any regrowth, I noticed with the product my hair didn’t shed much when I was my hair. For that reason, I plan to continue using the product for another year and reevaluate things.",CLA,[],True,9,"{""rating_quality"": 4, ""rating_value"": 4}"
Hers,Minoxidil 2% Topical Solution,target,349106876,2024-07-04T20:30:24.000+00:00,1,Expired by 1.5 years!!!,"Ordered curbside. Good thing the box was covered in a brown furry mystery stain, or I likely wouldn’t have noticed it was expired by 1.5 years!",Amanda F,[],False,23,"{""rating_quality"": 1, ""rating_value"": 1}"
Hers,Minoxidil 2% Topical Solution,target,346738863,2024-06-09T11:52:56.000+00:00,5,Definitely works,I use this in combination of a multi vitamin with biotin. And have found that both are needed for me to see results. I find the biotin helps with my hair and nail overall health and this topical treatment helps boost new hair growth.,MellyMel,[],True,13,"{""rating_quality"": 5, ""rating_value"": 5}"
Hers,Minoxidil 2% Topical Solution,target,344743737,2024-05-17T16:11:24.000+00:00,1,Hair sreum,I have sensitive skin made my scalp break out,Screen,[],False,10,"{""rating_quality"": 5, ""rating_value"": 5}"
Hers,Minoxidil 2% Topical Solution,target,340918105,2024-04-07T18:54:58.000+00:00,1,Expired product,Wish I would’ve read the reviews because I just bought it and it expired as of 10/2023,Shopper25,[],False,15,{}
Hers,Minoxidil 2% Topical Solution,target,335334671,2024-02-12T00:00:31.000+00:00,1,Expired a yesr before I purchased,"I bought this in October 2023, and when I went to use it I saw it actually expired in October 2022! What the heck! Also worth noting- the box didn’t have the expiration date on it but the bottle inside the box did. I had no way to know.",Guadalupe,[],False,26,"{""rating_quality"": 3, ""rating_value"": 3}"
Hers,Minoxidil 2% Topical Solution,target,334981568,2024-02-08T19:33:49.000+00:00,1,WATCH EXPIRATION DATE!!,Was excited to use this until I saw the reviews of everyone’s being expired. Thank god I didn’t open the box yet because mine expired just this month when I bought it today. Bet the product is good but you shouldn’t have expired products on the shelf,Aaliyah,[],,21,{}
Hers,Minoxidil 2% Topical Solution,target,331148426,2024-01-06T01:42:06.000+00:00,1,"Do not buy this product, it is rubbing alcohol",The product is pure rubbing alcohol. Smell it! Absolutely terrible.,RUBBING ALCHOHOL,[],False,8,"{""rating_quality"": 1, ""rating_value"": 1}"
Hers,Minoxidil 2% Topical Solution,target,330516627,2024-01-01T16:35:18.000+00:00,1,Selling expired product,Just bought this yesterday but and its already expired.,Moriah,[],False,21,"{""rating_quality"": 1, ""rating_value"": 1}"
Hers,Minoxidil 2% Topical Solution,target,329586343,2023-12-26T14:16:57.000+00:00,1,Expired,It was expired by ten months,Jeff,[],False,17,"{""rating_quality"": 1, ""rating_value"": 1}"
Hers,Minoxidil 2% Topical Solution,target,329194660,2023-12-22T23:26:27.000+00:00,1,Expired!!!!!,I ordered this 02/23 Finally decided to use it. It expired 03/23. I wish I had opened the box earlier. Why would they sell something that would expire in a month.,Toddler mom 16,[],False,20,"{""rating_quality"": 1, ""rating_value"": 1}"
Hers,Minoxidil 2% Topical Solution,target,326526481,2023-12-04T16:46:33.000+00:00,1,Store sold product that was 8 months past the expiration date.,"I ordered online for store pickup. When I looked at the box at home it was marked Exp 03/2023 - 8 months past the expiration date, so it’s going to the store.",Dissppointed,[],,21,{}
Hers,Minoxidil 2% Topical Solution,target,324468525,2023-11-19T19:10:01.000+00:00,1,Expired product,Expired product. I have not even once left Target as a happy customer.,EP,[],,22,{}
Hers,Minoxidil 2% Topical Solution,target,322487148,2023-11-01T07:07:21.000+00:00,1,Nope!,"I wasn’t prepared for how much this was going to make my hair shed. I stopped using it and my hair is the worst it’s ever been, I’ve lost so much more hair because of this and wish i never even used it",Darcyjean20,[],False,26,"{""rating_quality"": 1, ""rating_value"": 1}"
Hers,Minoxidil 2% Topical Solution,target,320332794,2023-10-10T20:18:50.000+00:00,1,Had high hopes,I had extremely high hopes as this was recommended to me by my dermatologist. My hairline became very thin after childbirth and almost 3 years later it still hasn’t grown back. I used this product for about 3 weeks and started noticing scalp irritation and burning. Almost like a chemical burn.,Dee,[],False,22,{}
Hers,Minoxidil 2% Topical Solution,target,315082727,2023-08-22T03:42:30.000+00:00,5,Worth trying,I’ve always been skeptical about any product for hair growth. But I can clearly tell the difference with all the new hair growth where I’ve been CONSISTENTLY putting the product on. Once in the morning and once night just as directed. Definitely worth it for spot treatments.,Leeperez93,[],True,22,"{""rating_quality"": 5, ""rating_value"": 5}"
Hers,Minoxidil 2% Topical Solution,target,314272491,2023-08-13T22:37:01.000+00:00,1,Checj expiration date!,Just got this today and it expired in March 2023! It’s August 2023…,JW,[],False,27,"{""rating_quality"": 1, ""rating_value"": 1}"
Hers,Minoxidil 2% Topical Solution,target,309107067,2023-06-22T16:52:57.000+00:00,5,Great product,Good results after 6 weeks! It must be used consistently twice per day according to directions- hair should be dry. I use a comb to separate my part which makes application easier.,Tar167,[],True,22,"{""rating_quality"": 5, ""rating_value"": 5}"
Hers,Minoxidil 2% Topical Solution,target,307796253,2023-06-04T23:52:03.000+00:00,5,Hers Hair Regrowth Treatment,"I have always had thin hair but with age, it started to break very easily. I resisted trying Minoxinyl products because I didn't have any particular thinning pattern and was afraid of some possible adverse effects. I have been using this product for over 6 months and am pleased that my hair has thickened and stayed stronger. I have had no adverse effects and plan to continue to use this product twice a day to keep up the progress gained.",Jenifer,[],True,27,"{""rating_quality"": 5, ""rating_value"": 5}"
Hers,Minoxidil 2% Topical Solution,target,304074260,2023-04-07T16:31:03.000+00:00,1,Expired and no date on the box,"Item is expired! It doesn’t have an expiration date on the outside of the packaging, but when I opened the box the date is on the bottle.",Vowical,[],False,27,"{""rating_quality"": 1, ""rating_value"": 1}"
Hers,Minoxidil 2% Topical Solution,target,302299287,2023-03-14T03:57:58.000+00:00,5,LOVE IT!,Love that it's not greasy or oily. I am already seeing more volume just after 1 month. You have to be consistent or it doesn't work,Regina,[],True,25,"{""rating_quality"": 5, ""rating_value"": 5}"
Hers,Minoxidil 2% Topical Solution,target,300546015,2023-02-16T03:25:30.000+00:00,5,It's a 10/10,I just winged it and figured I'd try try to get hair to grow back on the sides of my forehead. Two months in and I'm already seeing regrowth. This stuff definitely works. A couple more pimples but nothing unmanageable by any means,Sunshineanddaisies,[],True,28,"{""rating_quality"": 5, ""rating_value"": 5}"
Hers,Minoxidil 2% Topical Solution,target,299633876,2023-02-01T02:28:29.000+00:00,5,Amazing stuff!,"Due to sever stress my hair loss was getting extremely bad. I even noticed some balding spot in the front. I tried several really expensive serums & they did nothing. This stuff however has worked & I am extremely happy. I've been using it for several months now & so many baby hairs, it's annoying Lol. I try to use it everyday but there some days I forget, so I'm sure if I didn't forget the results would be better. I've already recommended my sister to give this a try. If you're contemplating, think no more & buy it, you can't neat the reasonable price!",Victoria,[],True,72,"{""rating_quality"": 5, ""rating_value"": 5}"
Hers,Minoxidil 2% Topical Solution,target,297910261,2023-01-07T23:05:21.000+00:00,5,Great Product,My hair loss was so bad and only getting worse. I didn't know what I was going to do. After just six weeks of using Hers my hairline was already starting to fill in. My hair has never looked and felt better and I have only been using it for four months!,baseballmom,[],True,20,"{""rating_quality"": 5, ""rating_value"": 5}"
Hers,Minoxidil 2% Topical Solution,target,297864567,2023-01-07T04:52:06.000+00:00,2,Not impressed,Wasn’t impressed. Read reviews and seemed hopeful but it bottle seemed half full. I didn’t even use as much as it said and it lasted about a week. I had to apply it the day I planned to wash it later as it made my hair super greasy. I found applying it on wet hair was better than dry and blow dried it to help the oil. But didn’t notice a big difference- however it has only been a week and I ran out so not sure if I’ll be buying more.,Linds,[],False,7,"{""rating_quality"": 2, ""rating_value"": 1}"
Hers,Minoxidil 2% Topical Solution,target,293976522,2022-12-02T19:55:53.000+00:00,4,So far so good,"After 2 weeks, seeing some growth and less shedding. I had significant loss after STARTING birth control. My derm suggested a minoxidil treatment to not only help regrowth but stop the other hairs from falling out. 2 weeks in I have a ton of new baby hairs and less hair is coming out when I pull my fingers through. (I was losing 30-50 hairs every time)",S,[],True,20,"{""rating_quality"": 4, ""rating_value"": 4}"
Hers,Minoxidil 2% Topical Solution,target,292601484,2022-11-21T15:46:11.000+00:00,4,It works,I have been using this product for a year. It has helped to grow new hair in time.,Angela,[],True,5,"{""rating_quality"": 5, ""rating_value"": 3}"
Hers,Minoxidil 2% Topical Solution,target,292161185,2022-11-18T05:54:37.000+00:00,5,It works!,This has helped me so much! I’ve been using this since I realized I had a lot of fall out after having my daughter. I could see the little baby hairs growing when I first started using it. I definitely recommend this!,Laniii,[],True,7,"{""rating_quality"": 5, ""rating_value"": 5}"
Hers,Minoxidil 2% Topical Solution,target,290239382,2022-11-03T17:01:44.000+00:00,5,Good smell,good smell. good size item . fits in cabinet,Good,[],True,2,"{""rating_quality"": 5, ""rating_value"": 4}"
Hers,Minoxidil 2% Topical Solution,target,286267036,2022-09-16T13:57:39.000+00:00,1,Upset,The alcohol will burn your scalp. Beware if using hair dyes,,[],False,10,{}
Hers,Minoxidil 2% Topical Solution,target,286017452,2022-09-13T09:54:20.000+00:00,5,Works until u stop,It works but you have to consistently use it. If u stop using it you lose your results.,,[],True,15,"{""rating_quality"": 5, ""rating_value"": 5}"
Hers,Minoxidil 2% Topical Solution,target,283821376,2022-08-05T16:19:17.000+00:00,5,Magic in a bottle!,"This is my second month, and I've already has so many new hairs to come in! My hair appears fuller, thicker, and longer. I now have so many baby hairs that I didn't have before! I will continue to use this item as long as it's avaible for purchase!",AJ,[],True,13,"{""rating_quality"": 5, ""rating_value"": 5}"
Hers,Minoxidil 2% Topical Solution,target,281099537,2022-06-14T06:02:58.000+00:00,4,Not Great For Dyed Hair,"Pro: I used this product for 6 months and saw hair regrowth. Con: This product contains alcohol, so if you're like me and are going gray in the same spots you need to apply this, the alcohol will remove the hair dye, and you'll need to dye your hair a lot more frequently.",Chelsea,[],True,38,"{""rating_quality"": 5, ""rating_value"": 5}"
Hers,Minoxidil 2% Topical Solution,target,279633897,2022-05-10T19:21:11.000+00:00,4,Give it time,"Starting using this after my dermatologist suggested I try Minoxidil 5% and that was too harsh for my scalp, so went to this 2% solution. The Dr. told me to use it for 6 months before evaluating its effectiveness. I started seeing results after about 4 months, and I think it's improving even more with time. Lots of baby hairs, and I can't see straight to my scalp in the front as easily anymore. The downside is that as a liquid, it can tend to run down onto your forehead if you don't apply carefully -- you don 't want the solution to remain on your face. But I still like it way better than the foam, which was just annoying to use. I always wash my face right after applying.",MizShrew,[],True,33,{}
Hers,Minoxidil 2% Topical Solution,target,279447465,2022-05-06T16:12:40.000+00:00,5,Worked for Me!,"What I liked was how easy it was to apply each day. I did just like Jlo and applied it directly onto my scalp each day in the beginning. Overtime my hair came back, and now I apply every other day. I have been suffering from hair loss since having three children. It started with loss, thinning, and breaking. I was freaking out because I’ve always been known to have thick hair. I tried a few things before Minoxidil, but nothing worked. This is the only product that works and has brought my hair back to full thickness again! Yes, it takes time, but honestly, I never thought I would have more hair today then I did before I started. I noticed grow after 3-4 months, and now it’s been a year and I have thick hair. No plans to stop because it does work. But scaled back on how often I use it because I forget at times!",Angie,[],True,31,"{""rating_quality"": 5, ""rating_value"": 5}"
Hers,Minoxidil 2% Topical Solution,target,278460553,2022-04-15T14:33:37.000+00:00,3,Hairy face,Unless you want to look like Chewbacca don’t use this on your hairline. Now I have hairy face problems. Too expensive also. The bottle and applicator makes for easy spills. If they change the bottle and application and figure out a way for this to not drain in your face and cause unwanted hair then it would be a great product to use.,Mfstat,[],True,20,"{""rating_quality"": 4, ""rating_value"": 2}"
Hers,Minoxidil 2% Topical Solution,target,278441435,2022-04-15T02:11:51.000+00:00,5,Yay for baby hairs!!,"After losing a lot of weight quickly from stress, my hair also started to fall out. I’ve been embarrassed and wanted to try regrowing my hair. I know minoxidil is the only product shown to improve hair growth through clinical trials and Hers is more affordable than rogaine. Along with taking biotin vitamins (not through Hers) and only applying this serum every other night, I have seen significant hair regrowth in two months. I have new (annoying) baby hairs and my ponytail is noticeably thicker. I am so happy to be getting my thicker hair back. This product won’t work overnight, but keep at it and you should see results.",Sarbear,[],True,16,"{""rating_quality"": 5, ""rating_value"": 5}"
Hers,Minoxidil 2% Topical Solution,target,277208170,2022-03-15T15:17:19.000+00:00,1,Didn't work,Didn’t work for me. Used for the tube it said and no improvements.,kat,[],False,3,"{""rating_quality"": 1, ""rating_value"": 4}"
Hers,Minoxidil 2% Topical Solution,target,277132727,2022-03-13T18:18:02.000+00:00,5,Helped with pp hair loss,It really helped with my postpartum hair loss!! Didn’t think my hair would grow back,Yreyes,[],True,109,"{""rating_quality"": 5, ""rating_value"": 5}"
Hers,Minoxidil 2% Topical Solution,target,276854335,2022-03-07T00:22:01.000+00:00,5,"I was skeptical, but this worked for me!","I've noticed thinning hair for about 5 years now. I tried women's Rogaine for a month or so in 2018 but quickly gave up because of how it made my hair feel. This January, I noticed that the thinning had gotten really, really severe. I scoured the internet for hair loss solutions after spending a lot of time crying and in distress. I looked into purchasing expensive wigs/toppers. I made a dermatologist appointment. Despite all of this, I knew it was a long shot to regrow hair. I decided to give this one a try because the reviews were pretty good and it was affordable, but I had zero hope or expectation of anything. I've been faithfully using Hers 2% minoxidil solution for 2 months now, and I'm honestly shocked. Do I have a thick, full head of hair without showing a little bit of scalp? No, but I'm not embarrassed and anxious every day. I still have thin, fine hair, but I would estimate that I've grown back 25%-30% of the hair I've lost and I only have one remaining large patch that I feel is super visible. I know how emotional distressing female pattern baldness is, and I wouldn't say this worked for me if it didn't. If you're reading these reviews obsessively like I was a couple months ago, I hope this works for you, too!",olp,[],,90,"{""rating_quality"": 5, ""rating_value"": 5}"
Hers,Minoxidil 2% Topical Solution,target,276213120,2022-02-20T15:22:59.000+00:00,2,Didnt see a change,"Used for 2 months. Never saw a difference. Maybe you need to use the entire system. Also made my hair greasy. Added hair, skin and nails vitamin to my daily regimen and noticed my hair fall has almost completely stopped.",Better bee,[],False,9,"{""rating_quality"": 2, ""rating_value"": 2}"
Hers,Minoxidil 2% Topical Solution,target,275812221,2022-02-11T19:31:19.000+00:00,1,Bad Experience,"Unfortunately, after a couple weeks of use, this product made my scalp so itchy I had to stop using it. It also left my hair stringy and gross.",JenRR,[],,0,{}
Hers,Minoxidil 2% Topical Solution,target,275305044,2022-01-29T13:57:18.000+00:00,5,Takes a minute but delivers results,"My hair was receding and thinning around the hairline. After using 2 bottles and not seeing much of a difference I considered stopping. After reading the pamphlet I decided to give it a couple more months and I’m so glad I did. Around the end of the 3rd bottle I noticed thicker hair. You can no longer see my scalp, except a bit at my part and my hair feels and appears much thicker. My hairstylist commented on the change and wanted to know my secret ingredient. Stick in there and use 2x daily for results!",SM,[],True,37,"{""rating_quality"": 5, ""rating_value"": 5}"
Hers,Minoxidil 2% Topical Solution,target,274873045,2022-01-19T20:29:18.000+00:00,1,No difference,2% of minoxidil is not enough. Just go to the dermatologist and ask them what they’ll recommend you. Mine is giving me 10%,CarolG,[],False,14,"{""rating_quality"": 1, ""rating_value"": 1}"
Hers,Minoxidil 2% Topical Solution,target,274809887,2022-01-18T02:53:50.000+00:00,4,Impressed AFTER second application.,"So I like the product now but when I very first tried it my scalp burned so bad and had little bumps. When I looked it up, apparently it was normal so I gave it a shot again and that didn’t happen after my first application. This should really be on the label. However so far so good. Doesn’t make my hair greasy and it doesn’t smell bad.",K Razo,[],True,14,"{""rating_quality"": 5, ""rating_value"": 5}"
Hers,Minoxidil 2% Topical Solution,target,272750556,2021-12-08T17:04:29.000+00:00,5,Really works,"Being in my late 30’s I was horrified my hair was getting thinner and seeing my scalp was depressing so I decided to try this product. I’ve been using these drops for about 3 months and I’ll be honest I was about to give up because I wasn’t seeing any results but you have to give you body time to grow the hair. Invest in a wet brush, wash hair with cold water and try not to think about it. I feel a lot more confident but patience and consistency is important.",Lynn,[],True,30,"{""rating_quality"": 5, ""rating_value"": 5}"
Hers,Minoxidil 2% Topical Solution,target,272720255,2021-12-08T00:24:23.000+00:00,5,Hair regrowth,I've heard alot of good things about this product so I bought some and so far so good. Easy to use.,Blondie,[],,5,"{""rating_quality"": 5, ""rating_value"": 5}"
Hers,Minoxidil 2% Topical Solution,target,272103987,2021-11-24T06:34:00.000+00:00,2,Itchy!,"First, if you want to try a product like this, there are other brands with identical formulas at lower prices, probably on this same website (just sayin...) In hindsight I've learned that almost all minoxidal solution products have exactly the same ingredients. And one of those ingredients is propylene glycol, a well-known scalp irritant. It doesn't affect everyone, but if you are sensitive to it (and who would know that?) watch out! I applied this product once, in the morning, and by the evening of the same day my partner was running his fingers through my hair and commented on the large dandruff flakes (NOT normal for me!) I then went to bed and found myself waking up in the middle of the night to scratch my itchy head. By the morning I was rubbing calendula salve directly into my scalp, followed by a double shampoo. Sweet relief! Definitely not the product for me.",maraelle,[],,1,"{""rating_quality"": 2, ""rating_value"": 2}"
Hers,Minoxidil 2% Topical Solution,target,271925022,2021-11-20T01:22:55.000+00:00,4,Be regular and there will be results!,"It’s easy to use, and has started showing results! I’m on my second month and seeing results. I suggest taking before and during pictures to satisfy the visual of seeing progress. Use it regularly or it won’t work!",Aimeelynniu,[],True,52,"{""rating_quality"": 5, ""rating_value"": 5}"
Hers,Minoxidil 2% Topical Solution,target,271795322,2021-11-17T15:32:07.000+00:00,5,Continue use,Great product. Works well over time,Aortel,[],True,3,"{""rating_quality"": 5, ""rating_value"": 5}"
Hers,Minoxidil 2% Topical Solution,target,271753126,2021-11-16T14:51:44.000+00:00,1,Read instructions,Application is twice a day. Compared to once daily for other brand.,Elsie,[],False,10,"{""rating_quality"": 5, ""rating_value"": 3}"
Hers,Minoxidil 2% Topical Solution,target,271737226,2021-11-16T01:32:52.000+00:00,3,yucky dandruff,"I did not use this very long, 2 weeks at most. I was pleased that it was not itchy or smelly, but I decided to discontinue use after I noticed horrible dandruff in the application spot.",lemma,[],False,1,{}
Hers,Minoxidil 2% Topical Solution,target,271660171,2021-11-14T04:26:26.000+00:00,5,I have hair!!!,"this is my second bottle, first bottle has produced great results. I no longer have a receding hairline, even my husband has noticed, which is why we ordered him his own bottle.",private,[],True,15,{}
Hers,Minoxidil 2% Topical Solution,target,271105328,2021-10-30T22:49:09.000+00:00,5,It works I could cry I'm so happy,on my second bottle and my hair is starting to come back!!! Tiny hairs are popping up and the hair by my temples doesn't look so horrible and bald,Aza,[],True,49,"{""rating_quality"": 5, ""rating_value"": 5}"
Hers,Minoxidil 2% Topical Solution,target,270451517,2021-10-13T06:48:04.000+00:00,4,Sisters Secret Helper,"My hair is actually growing back in the thinning target area (for me it's the top of my crown). The liquid is runny, so tilt your head back to avoid it getting into your eyes. Apply as directed and massage it into your scalp and you should see some results after 3 weeks. It did change my hair color to a light reddish brown, but who cares...I have hair and getting my sexy back! The package does come with a droplet and the bottle should last about 3-4 weeks depending on your target area.",My Dear Kay,[],True,17,"{""rating_quality"": 4, ""rating_value"": 5}"
Hers,Minoxidil 2% Topical Solution,target,270203053,2021-10-05T06:00:01.000+00:00,5,It works amazing,"I started this in July after postpartum hair loss, and by august I had a lot of little hairs regrowing in the area I had applied this product. I ordered more right away.",Rubi,[],,8,"{""rating_quality"": 5, ""rating_value"": 5}"
Hers,Minoxidil 2% Topical Solution,target,270051982,2021-09-30T21:38:45.000+00:00,5,Heaven sent!,I experienced hair loss a few months back. I tried several products but nothing seemed to work. I came across this product about a month ago and have been using it accordingly and I’ve noticed major improvement since! So happy I gave this a shot!,LC,[],True,7,"{""rating_quality"": 5, ""rating_value"": 5}"
Hers,Minoxidil 2% Topical Solution,target,237122761,2021-09-11T01:00:00.000+00:00,5,Great solution for hairfall,I've been using this product for over a month and I experienced new hair growth in scanty areas. This clearly works!,,[],,0,{}
Hers,Minoxidil 2% Topical Solution,target,237122767,2021-09-09T01:00:00.000+00:00,4,Slight Thickening,"After using this solution, my hair seemed to be only slightly fuller than it was prior. I kept expecting the fullness to subside when I stopped using the serum (I had read that this can happen), but this was not the case. I am going to purchase another bottle so I can see if my hair will thicken even further.",,[],,0,{}
Hers,Minoxidil 2% Topical Solution,target,237122781,2021-09-08T01:00:00.000+00:00,2,Strips hair color,I can't say whether this product works or not because I only uses it for a week after I noticed it was stripping the color off my dyed hair. I received the product free to try. Unfortunately I can't recommend this product due to my experience but if your hair is not color treated you may have a different result.,,[],,0,{}
Hers,Minoxidil 2% Topical Solution,target,237122815,2021-09-06T01:00:00.000+00:00,5,So happy with this,"I am so happy to say that I have had great results. My hair thinning is just right above my temple area. I already have a huge forehead so I need some type of fringe/bangs but with that area being thin, it was impossible. I didn't have any side effects at. No drying, no greasiness or tackiness, just hair finally getting thicker in that area.",,[],,0,{}
Hers,Minoxidil 2% Topical Solution,target,237122814,2021-09-06T01:00:00.000+00:00,5,Worked very well for my curly hair,I tried hers hair growth products and the shampoo and conditioner. I found that these products made my hair feel thick and soft. I have curly hair and the conditioner worked well with my curls. I also enjoyed the products' fragrances.,,[],,0,{}
Hers,Minoxidil 2% Topical Solution,target,237122816,2021-09-06T01:00:00.000+00:00,4,Proven by telemedics,"Minoxidil has been verified by many studies to reduce hair loss and promote hair growth and strengthening with repeated uses. In a randomized study from 2011, solutions of minoxidil were found to show, ""improvements in target area hair count, target area hair width, and overall efficacy."" I have been usu v this periodically on my scalp along with a good diet and vitamins so it may be a cumulative effect, but I have noticed less hairfall. I'm not sure about alopecia patients or someone with extreme bald spots but it doesn't hurt to try.",,[],,0,{}
Hers,Minoxidil 2% Topical Solution,target,237122818,2021-09-05T01:00:00.000+00:00,4,so far so good,"I've been using this for 2 months. My hair seems a bit thicker with this product. Will need to continue using it for a longer period, but so far I'm happy with the result. But the solution is super watery and difficult to apply without it running all over.",,[],,0,{}
Hers,Minoxidil 2% Topical Solution,target,268873131,2021-09-04T15:01:52.000+00:00,1,Not as pictured,Does not come with the dropper as pictured.,123,[],False,1,"{""rating_quality"": 1}"
Hers,Minoxidil 2% Topical Solution,target,237122822,2021-09-04T01:00:00.000+00:00,5,Great System for Women!!!,"I loved the applicator, so you can apply product directly to the area where it's needed. It doesn't weigh the hair down, or make it look greasey. It smells nice, clean and fresh. It's a nice system and I will definitely buy again.",,[],,0,{}
Hers,Minoxidil 2% Topical Solution,target,237122838,2021-09-02T01:00:00.000+00:00,5,Easy application,I have tried other brands out there and this I find is the best. It doesn't have a unpleasant scent and it's super easy to apply. It works really well and isn't super pricey. I am definitely a purchaser of this brand and product.,,[],,0,{}
Hers,Minoxidil 2% Topical Solution,target,237122851,2021-09-01T01:00:00.000+00:00,3,Made my hair oily,"This product made my fine roots look dirty and greasy, so it was difficult to want to use it daily as suggested.",,[],,0,{}
Hers,Minoxidil 2% Topical Solution,target,268584663,2021-08-31T06:03:47.000+00:00,1,Caused an allergic reaction after 24 days of using it,"After almost a month of using this the shampoo and conditioner it gave me a horrible allergic reaction on my ears neck and scalp, I ended up at the ER because they got so severely swollen itchy and painful in two days , it was unbearable, I might be just an unlucky one but if you have sensitive skin I would advise to stay away from this products and not take the risk, I really wish they would have work for me but they didn’t, I ended up spending so much more money in the hospital visit and medication. pictures where taken after applying steroid cream twice so they look a bit better than how they initially were :(",Lolitta,[],False,24,{}
Hers,Minoxidil 2% Topical Solution,target,268467532,2021-08-29T12:47:01.000+00:00,2,Not even sure it works,"Not really sure if it works since I had to stop using it around week three. This product has alcohol in it so it caused really dry scalp. Not sure if it’s worth having more hair if it’s just going to be riddled with huge dandruff flakes. I had to stop using it since the dandruff and dry scalp got so bad it would actually sting to apply the product. Not to mention it must be used twice a day and your hair must be/remain dry for hours sooo you just have greasy looking hair that you can’t touch or really style. If you’re looking at this product I would suggest maybe instead looking for a foam version that you only have to use once a day, use it at night and buy head and shoulders to combat the dandruff effects.",Meh,[],False,3,"{""rating_quality"": 2, ""rating_value"": 2}"
Hers,Minoxidil 2% Topical Solution,target,237122902,2021-08-29T01:00:00.000+00:00,1,,,,[],,0,{}
Hers,Minoxidil 2% Topical Solution,target,237122901,2021-08-29T01:00:00.000+00:00,5,The best solution,I really was impressed by this hair growth solution. I didn't know if my hair was repairable. I saw it working pretty quickly. It was easy on my skin and for the price is definitely worth it. Similar products cost way more. I am definitely a new customer. I got this round free but I plan on continuing to by as soon as I get back to work. If you have patches of thinning hair I definitely recommend this. It doesn't work overnight so you have to give it time. Once I had been using it for a while I started noticing that my thinner patches were starting to improve. That really helped my feel more confident.,,[],,0,{}
Hers,Minoxidil 2% Topical Solution,target,237122900,2021-08-29T01:00:00.000+00:00,5,Great,"I have struggled with thinning hair since my early 30's. For my entire life I've had thin, fine, oily hair. I started to notice in my early 30's that my hair line was changing. I was mortified. The hair on the top of my head also seemed thinner than usual, but not super obvious to anyone but me yet. I've used other brands of minoxidil before and it works if you stay consistent! But - it is so embarrassing to buy at the store. Especially since some store have it in lock boxes now. Like, what?!?! It is a GAME CHANGER that I can add this to my shampoo and conditioner order and get it delivered to my house. No embarrassment. I use this twice a day as directed and it works! I put it on the top of my head and Target my hair line and notice baby hairs growing. The key is consistency. If you don't use consistently you will not see or keep results. It's worth it to me though. I highly recommend if you are noticing thinning on your head or hairline. It does take a couple weeks to see new growth but take my word for it - don't give up!!! The patience is worth the payoff!",,[],,0,{}
Hers,Minoxidil 2% Topical Solution,target,237122972,2021-08-28T01:00:00.000+00:00,5,Works wonders!,"As a bariatric patient, thinning hair is par for the course. I cried every day. I used this product and from day one-actually SEE more growth! I'm overjoyed and have my confidence restored! AMAZING PRODUCT!Think Miracle-Gro for your hair!",,[],,0,{}
Hers,Minoxidil 2% Topical Solution,target,237122969,2021-08-28T01:00:00.000+00:00,5,It really works!,"I received this product to review and I'm so impressed! After only a few days of use I noticed that the clumps of hair I was losing every time I showered began to lessen and eventually stop almost completely. After a month I literally had so many baby hairs from new growth, I am so stoked! Pregnancy took a toll and I'm so happy to have found something that helps! It also smells nice and leave my hair looking nice!",,[],,0,{}
Hers,Minoxidil 2% Topical Solution,target,237122961,2021-08-28T01:00:00.000+00:00,3,Alright,I didn't see great results when using this product,,[],,0,{}
Hers,Minoxidil 2% Topical Solution,target,237122977,2021-08-28T01:00:00.000+00:00,4,good results so far,"My hair seems a bit thicker with this product. Will need to continue using it for a longer period, but so far I'm happy with the result.",,[],,0,{}
Hers,Minoxidil 2% Topical Solution,target,237122979,2021-08-28T01:00:00.000+00:00,3,Hard to apply but works,I feel like my hair felt thicker but the solution is super watery and difficult to apply without it running all over,,[],,0,{}
Hers,Minoxidil 2% Topical Solution,target,237122965,2021-08-28T01:00:00.000+00:00,5,Miracle worker,It definitely helped the thinning in the front of my hair will definitely be looking for more of the hair drops and hers products,,[],,0,{}
Hers,Minoxidil 2% Topical Solution,target,237122974,2021-08-28T01:00:00.000+00:00,5,,,,[],,0,{}
Hers,Minoxidil 2% Topical Solution,target,237122963,2021-08-28T01:00:00.000+00:00,4,hers Minoxidil Topical Hair,"I've always had straight thin hair and have tried many products promising to thicken my hair with no success. I tried the hers Minoxidil after receiving a free sample. I have to say I was pleasently surprised that my hairdresser noticed a difference. She has been doing my hair for about 15 years now so she knows my hair very well. For that reason, I will more than likely purchase and continue to use this product.",LoloBee,[],,0,{}
Hers,Minoxidil 2% Topical Solution,target,237122968,2021-08-28T01:00:00.000+00:00,5,Great Product,Great haircare products for strengthening and thickening hair!,,[],,0,{}
Hers,Minoxidil 2% Topical Solution,target,237123004,2021-08-27T01:00:00.000+00:00,5,Quick and easy solution,"I've used it till last drop and results are amazing. My hair is thicker and fuller, it really stimulates hair growth. I would recommend this product to anyone who is looking for quick and easy solution",,[],,0,{}
Hers,Minoxidil 2% Topical Solution,target,237123002,2021-08-27T01:00:00.000+00:00,4,Hair Hair Hair,"Started using hers minoxidil topical hair solution thickening shampoo and conditioning and immediately noticed my hair thicker, fuller and healthier. After a few weeks, I noticed new hair growth and my hair seems much shinier.",,[],,0,{}
Hers,Minoxidil 2% Topical Solution,target,237123003,2021-08-27T01:00:00.000+00:00,5,Awesome,"I love this product and am going to buy more. After giving birth and my hair falling out - I started to use this shampoo. I saw progress quickly. It's not going to grow thick in a day, but you'll see a huge difference really fast. I would recommend this to others (make sure to talk to your doctor, first - if you are breast feeding) I didn't start until after I stopped breast feeding.",,[],,0,{}
Hers,Minoxidil 2% Topical Solution,target,237123007,2021-08-27T01:00:00.000+00:00,4,Great in the beginning,"I received Hers Minoxidil Solution with the Thickening Shampoo and Conditioner. On the first few weeks of using all three items, I noticed a great decrease in hair loss. After about three weeks of using, my hair loss went back to how it was before using the products.",,[],,0,{}
Hers,Minoxidil 2% Topical Solution,target,237123001,2021-08-27T01:00:00.000+00:00,5,Good,"Have to use it twice a day and it takes awhile to see a change, but after two months I see a lot of new growth. I am very happy with this product. I feel so much better about my hair now.",,[],,0,{}
Hers,Minoxidil 2% Topical Solution,target,237123013,2021-08-13T01:00:00.000+00:00,5,Excellent Product,"First time trying this product out and I must say it amazed me , I applied it to my front hairline as I noticed it wasn't full of hair in those spots and I noticed a difference once I started applying this product , it definitely looks more fuller in those areas where I applied it to , overall great product and happy I was able to test it out .",Glamorous,[],,0,{}
Hers,Minoxidil 2% Topical Solution,target,237123010,2021-08-13T01:00:00.000+00:00,4,Hers Minoxidil,This product is easy to use with very clear instructions. I would recommend trying this product for any woman suffering from hair loss!,Ashleighee,[],,0,{}
Hers,Minoxidil 2% Topical Solution,target,237123012,2021-08-13T01:00:00.000+00:00,3,Shows promise,"As a teen my hair was super thick and I never thought I'd have an issue with hair loss. But after two bouts of chemotherapy for two different cancers plus two pregnancies and a definite inherited thing my hair is very thin, sparse and grows so slow. I was so happy I was included in the BzzAgent trial for this Hers Topical Hair Growth solution. I regret not taking photos for a before/after but after using the topical solution I can see signs of my part filling in for sure. After four weeks? I'm not convinced this is enough time to see a huge difference, but I will stick with the topical treatment for awhile, along with a collagen & biotin supplement, I'm hopeful in more dramatic results after a couple months.",cmharders,[],,0,{}
Hers,Minoxidil 2% Topical Solution,target,237123008,2021-08-13T01:00:00.000+00:00,4,Hers Minoxidil Topical Hair Growth Solution,"My hair has started thinning around my hairline. I am not sure if it is stress, aging or genetics. I would not add it to dry hair as it can make your hair appear greasy. I am starting to see very little hair growth (very fine) coming in. I have yet to purchase a second bottle, so I am not sure if the hair will continue to grow in, if I do not use a second and or third bottle. I did see a few posts of side effects, but I have not had any myself. I would need to purchase a second bottle to truly give more feedback or recommend this product.",thodge,[],,0,{}
Hers,Minoxidil 2% Topical Solution,target,237123015,2021-08-12T01:00:00.000+00:00,5,Great for post pregnancy hair loss,"This product did provide a bit more growth after losing hair post partum. However, it is a bit difficult to balance the application schedule with an infant.",,[],,0,{}
Hers,Minoxidil 2% Topical Solution,target,237123019,2021-08-04T01:00:00.000+00:00,3,Didn't work for me,The packaging was good the sizing was well but it did not see any difference,Ang,[],,0,{}
Hers,Minoxidil 2% Topical Solution,target,237123017,2021-08-04T01:00:00.000+00:00,3,No results,"I have been using hers minoxidil for the past month to help battle thinning hair at the crown. I have not yet noticed any results, however,!it's to my understanding that it may take another month or so to notice the new growth. The serum is easy to apply and does not irritate my skin. I need to use this a bit longer to determine weather or not it is the right product for me.",Katielj114,[],,0,{}
Hers,Minoxidil 2% Topical Solution,target,237123020,2021-08-03T01:00:00.000+00:00,5,Miracle grow for hair,Works wonders. I absolutely love it. Did wonders to my hair.,Krayzjen,[],,0,{}
Hers,Minoxidil 2% Topical Solution,target,237123025,2021-08-03T01:00:00.000+00:00,5,Great product!,"I have noticed that I was losing my hair after suffering from covid. After I started using Topical Hair Growth Solution, I noticed a difference in the thickness of my hair.",Kathy,[],,0,{}
Hers,Minoxidil 2% Topical Solution,target,237123022,2021-08-03T01:00:00.000+00:00,5,HERS IS FOR ME!!,I personally didn't see anymore hair growth while using this product yet but it made my hair feel softer and I saw less split ends.,Brit,[],,0,{}
Hers,Minoxidil 2% Topical Solution,target,237123023,2021-08-03T01:00:00.000+00:00,5,Great application for baby hairs,Easy to use though it does require you to apply cold- either with cold hands or put on a cold surface first. In Georgia that's a little hard. But was able to get it done and it did start to show growth.,Brittany,[],,0,{}
Hers,Minoxidil 2% Topical Solution,target,237123026,2021-08-03T01:00:00.000+00:00,4,Not Losing Hair,"I don't know if I notice new hair, but I can tell I'm not losing lots of hair. It's definitely worth trying out for longer to see if I notice new hair growth. The slowdown of hairloss is great!",Rea,[],,0,{}
Hers,Minoxidil 2% Topical Solution,target,237123028,2021-07-30T01:00:00.000+00:00,2,Not a Great Option for Hypothyroid Hairloss,"I really wanted this to work. I've lost almost half my hair volume in the last 8 years battling hypothyroid. Unfortunately, no restored growth was noticed at the scalp. Application was easy and direction simple to follow.",NolaJess,[],,0,{}
Hers,Minoxidil 2% Topical Solution,target,237123030,2021-07-30T01:00:00.000+00:00,3,"Hello, hair for now","This product works, it will thicken the appearance of hair on the crown of tour head and a bit on the sides. BUT--once you stop using it, your hair thinning will occur once again. This is something you need to incorporate into your everyday routine, and if you don't it will result in thinning.",Tocky R,[],,0,{}
Hers,Minoxidil 2% Topical Solution,target,237123033,2021-07-29T01:00:00.000+00:00,4,Great product,I received the hers Minoxidil Topical Hair Growth Solution free to try in exchange for my honest opinion. I really liked the package. It was sophisticated and discreet. The product itself dispenses well from the container. It's too early to tell if the product is effective in regrowing hair. But I am hopeful.,Yankeegirl,[],,0,{}
Hers,Minoxidil 2% Topical Solution,target,237123035,2021-07-28T01:00:00.000+00:00,4,Its working so far!,How does this product compare to other products you've tried? I have never tried anything like this. What are some benefits of owning this product? It helps regrow your hair depending on how you have hair loss. Would you buy this product? Yes and no. Yes because I have only used it for 1 month and I do notice a difference but no because I feel like it's drying out my hair and leaves a white ashy residue. Would you recommend this product to your friends or family? Yes,Nnanna,[],,0,{}
Hers,Minoxidil 2% Topical Solution,target,237123036,2021-07-27T01:00:00.000+00:00,3,"Too Soon To Be Sure, But So Far So Good!","I have only been trying this product for a couple of weeks. While I haven't yet seen any signs of regrowth, I would expect it would take longer consistent use to see this so I will keep using it. The application process wasn't the most convenient, from the child-proof lid to washing hands in cold water and especially needing to dispense on a cold surface. The foam was easy to apply to my scalp and didn't have any unpleasant odor. Upon application, I did feel a tingle but no burning or discomfort. I assume the tingle means it was working! All in all, I have no real complaints about this product, and have not used any other topical hair regrowth products to compare it to. I will continue using it and if I see any regrowth, I would happily purchase this product and recommend to my friends and family!",,[],,0,{}
Hers,Minoxidil 2% Topical Solution,target,237123038,2021-07-27T01:00:00.000+00:00,2,doesn't really do anything,I used this every night before going to bed making sure it is on my scalp and not my hair. But honestly it did nothing for me i don't even see baby hairs in the place where its empty. got my hopes up. i would recommend something else.,vivi18,[],,0,{}
Hers,Minoxidil 2% Topical Solution,target,237123040,2021-07-25T01:00:00.000+00:00,3,Hers Minoxidil Topical Hair Growth,This solution made my head itch. It had a funny smell. I didn't notice any difference in my hair after using it.,Stjohn07,[],,0,{}
Hers,Minoxidil 2% Topical Solution,target,237123043,2021-07-24T01:00:00.000+00:00,4,Easy to use.,I haven't used this long enough to see any new growth but I understand that this is a product that you have to use consistently and it doesn't happen overnight. If you follow the directions on the packaging it's very simple to use and I haven't had any irritation at all. What I have noticed is that my hair seems to be shedding less than usual. I have high hopes for this product and will continue to use and will repurchase in the future.,Bttrfly4,[],,0,{}
Hers,Minoxidil 2% Topical Solution,target,237123045,2021-07-24T01:00:00.000+00:00,5,Hers Minoxidil Topical Hair Growth Solution,After using Hers Minoxidil Topical Hair Growth Serum for a few weeks I have noticed that my hair feels stronger and thicker.,Shannon50,[],,0,{}
Hers,Minoxidil 2% Topical Solution,target,237123047,2021-07-24T01:00:00.000+00:00,5,Works!!,I can see a dramatic difference in how thick and full my hair is. It's also gotten longer fast. This is the best product I've tried on my hair.,GingerMomma3,[],,0,{}
Hers,Minoxidil 2% Topical Solution,target,237123042,2021-07-24T01:00:00.000+00:00,4,I can see some difference!,I have been using this for about 3 weeks. I received the free sample to try as my hair is thinning on the middle of my skull. When I use it it does not get greasy or limp. Many times I can actually see more volume. I am not sure if that is a trick or it's filling in but it is something I think I would continue to use.,rach0107,[],,0,{}
Hers,Minoxidil 2% Topical Solution,target,237123049,2021-07-20T01:00:00.000+00:00,5,Lovely,This worked very very well I was quite impressed to be honest,Tabbedoo,[],,0,{}
Hers,Minoxidil 2% Topical Solution,target,237123051,2021-07-20T01:00:00.000+00:00,2,Haven't seen results,I haven't seen any results just yet so I'm not sure how I feel about it,Dee,[],,0,{}
Hers,Minoxidil 2% Topical Solution,target,237123055,2021-07-19T01:00:00.000+00:00,4,It works!,This product works! The only reason I gave 4 stars was because of the timing. I didn't see immediate results; it took some time to notice. It was easy to apply and effective.,Jenn,[],,0,{}
Hers,Minoxidil 2% Topical Solution,target,237123053,2021-07-19T01:00:00.000+00:00,4,Tedious but works,"The packaging was nice, directions were clear but the regimen is a little much for me. I noticed less shedding of my hair after about a week, the product smells nice. I don't like that I will have to continue to use the product in order for any lasting results, but it possible to have a more dramatic results if I continue the routine. If you can stay committed to using, I say this would probably work well. I am terrible with committing to a regimen.",Hers,[],,0,{}
Hers,Minoxidil 2% Topical Solution,target,237123057,2021-07-18T01:00:00.000+00:00,5,So far so good,So far this has been very easy to use - I am noticing a very very slight difference - less hair loss and just a very slight re-growth. I think with time and continued use this will make a more significant difference. Im going to keep using it and see what happens.,annam7,[],,0,{}
Hers,Minoxidil 2% Topical Solution,target,237123060,2021-07-17T01:00:00.000+00:00,5,Hers hair growth,"Made, hair thick and strong. Fuller and more luscious hair.",Tugboat,[],,0,{}
Hers,Minoxidil 2% Topical Solution,target,237123059,2021-07-17T01:00:00.000+00:00,4,hers,I noticed a slight hair growth in two months. I will purchase this product. I can't wait for more results!,,[],,0,{}
Hers,Minoxidil 2% Topical Solution,target,237123066,2021-07-16T01:00:00.000+00:00,3,I can't tell a difference,"I tried hers Minoxidil Tropical hair growth solution. It's very easy to apply. My hair is thinning and over the last year I have lost quite a bit so I was excited to give this a try. However, I can't tell any difference with new hair growth. Maybe I just need to give it more time. It's definitely a slow process.",Grandma,[],,0,{}
Hers,Minoxidil 2% Topical Solution,target,237123063,2021-07-16T01:00:00.000+00:00,4,So far so good,I recently received a sample of this product. I cannot see the results yet because I have not been using it very long. It says 3-6+ months before you will see any results. The instructions are easy to follow and I have had no issue using it. My hair does seem to not fall out as much at the roots. I just cannot comment on how effective it has been due to the short time I have been using it. But looking forward to seeing the results as I suffer from thinning hair and breakage.,WorkingMomof2,[],,0,{}
Hers,Minoxidil 2% Topical Solution,target,237123062,2021-07-16T01:00:00.000+00:00,4,Works well,"The smell is not bad, consistency is good and product works pretty well. I would recommend this product to a friend or a family member.",,[],,0,{}
Hers,Minoxidil 2% Topical Solution,target,237123064,2021-07-16T01:00:00.000+00:00,4,Stimulates Hair Growth,This is an interesting product. I did notice a slight difference in hair growth around the edge of my hairline where I'm starting to lose some hair with age I believe.,KCKool,[],,0,{}
Hers,Minoxidil 2% Topical Solution,target,265382748,2021-07-15T21:01:35.000+00:00,5,Really works!,"You have to use it twice a day and it takes awhile to see a change, but after two months I see a lot of new growth. I can’t see my scalp through my hair nearly as much. I am very happy with this product. I feel so much better about my hair now.",Rachel S,[],True,8,"{""rating_quality"": 5, ""rating_value"": 5}"
Hers,Minoxidil 2% Topical Solution,target,237123070,2021-07-15T01:00:00.000+00:00,5,Female Hair regrowth treatment that really works!!,"I used this the last month or so, and my hair appears thicker and lusher. the areas that hair was missing from is now regrowing!",,[],,0,{}
Hers,Minoxidil 2% Topical Solution,target,237123073,2021-07-15T01:00:00.000+00:00,4,Easy to use,"This hair growth treatment was easy to use since it was foaming. I have found the liquid one drips easily. I only used it for a couple weeks before having to write this survey, so it's hard to say if it was effective. I don't like that I have to apply it with my hands, whereas other products use an application.",tina,[],,0,{}
Hers,Minoxidil 2% Topical Solution,target,237123068,2021-07-15T01:00:00.000+00:00,3,Him /her Minoxidil Topical Hair Growth,I've been using Him /her Minoxidil Topical Hair Growth Solution product for almost a month now no improvement yet but I like it because it doesn't have a lot of harsh chemical in it I will continue using it I'll let you know how I'm doing with it,Rosy,[],,0,{}
Hers,Minoxidil 2% Topical Solution,target,237123069,2021-07-15T01:00:00.000+00:00,4,Little sprouts,"I was definitely skeptical but within a few weeks I have little sprouts in my hair. This product definitely works, which is exciting for my thinning hair!!",Atd,[],,0,{}
Hers,Minoxidil 2% Topical Solution,target,265206584,2021-07-13T15:14:26.000+00:00,5,Pleasantly surprised.,"Work great without the stickiness. It does not make my hair heavy after applying my normal routine of hair products. On the growth, it is still too soon.",Pepper05,[],,1,"{""rating_quality"": 5, ""rating_value"": 5}"
Hers,Minoxidil 2% Topical Solution,target,265037834,2021-07-11T03:39:52.000+00:00,4,Would Recommend,After about a month of using this product as directed (twice per day) my scalp and ears began to peel and become itchy. I was seeing less hair loss and some baby hairs beginning to grow so I cut down to using it once per day or once every other day and am still seeing results without the itching. I notice less hair coming out when I wash and less hair in my brush!,Jo,[],True,7,"{""rating_quality"": 4, ""rating_value"": 5}"
Hers,Minoxidil 2% Topical Solution,target,237123075,2021-07-06T01:00:00.000+00:00,5,I can see growth already,I've been using this product for a few weeks and I can see new hair growth already! No smell,,[],,0,{}
Hers,Minoxidil 2% Topical Solution,target,237123076,2021-07-06T01:00:00.000+00:00,4,Good product,After my second child I start my hair loss within few months I was almost bald I try lot of products but didn't work for me . Then I try this product and I was sure this will also will not work . I m using this from last 3 weeks I follow all the instructions and during this time I didn't use any chemicals like hair color .and I can see not a big difference but feel it's work I will continue this product for more better results.this product is very easy to use non greasy snd also smell is not bad .,Anjel1,[],,0,{}
Hers,Minoxidil 2% Topical Solution,target,237123078,2021-07-04T01:00:00.000+00:00,4,-Great Stuff but A New Product to buy every Month.,"I was so grateful to receive this product. As, the thinning of my hair breaks my heart. It did seem to be thickening and filling in the top area of hair on my my scalp. But, the supply I received was not enough in quantity to know for sure the true results. Time will tell as I buy more product from this supplier. Yes, I would recommend this product to others. As, long as it is used on a continual basis. So, definitely I will be buying it again.",TMGM,[],,0,{}
Hers,Minoxidil 2% Topical Solution,target,237123080,2021-07-03T01:00:00.000+00:00,2,Not so sure,After my second pregnancy my I lost some hair so I was excited to try this product. After using it for one month I do not see any differences. I would expect to see at least some baby hair or something at this point. The mousse spray is easy to use and doesn't really let any residue in my hair and don't have a particular scent to it.,Lolo1827,[],,0,{}
Hers,Minoxidil 2% Topical Solution,target,237123082,2021-07-02T01:00:00.000+00:00,5,Great product,"First of all, this is an easy to apply product. Non oily or smelly and you can use as part as your beauty routine. I could see on my scalp a fuzzy peachy hair coming after few weeks of use.",,[],,0,{}
Hers,Minoxidil 2% Topical Solution,target,237123084,2021-07-02T01:00:00.000+00:00,4,hers Minoxidil Topical Hair Growth Solution,"I've only been using this for a couple weeks. It is easy to use and no mess. Dry fast and no smell. Comparing with others solutions that I tried before, The serum is not oily or heavy, It's been a few weeks and I am seeing some shorter hairs coming in. So, yes! I do recommend to a friends and family. Great price also!",Nanda,[],,0,{}
Hers,Minoxidil 2% Topical Solution,target,237123086,2021-07-02T01:00:00.000+00:00,3,Didn't really work for me,"I can't say that the Hers Minoxidil Topical Hair Growth Solution didn't work - it did make my 'already' there hair follicles feel and look fuller. However, I cannot say that it helped grow new hair follicles. My hair does look fuller around my existing thinning hair, but I haven't grown any new hair. Also, my hair id dyed, and the color faded very fast once I began using the solution.",nycraven37,[],,0,{}
Hers,Minoxidil 2% Topical Solution,target,237123088,2021-06-30T01:00:00.000+00:00,4,Already seeing results!!,"I've been using Hers Minoxidil Topical Hair Growth Solution for a little over a month now & I'm already seeing results. Appearance is very important to Me & your hair is a major part of presenting yourself as put together, showing you made an effort & take PRIDE in yourself!! When my hair started to thin, during this stage in my life, I began to feel less sexy, so I searched for products to help with my plight. The fact that I'm getting tiny lil baby hairs coming through all over the top of my head and front hair line is exhilarating!! The only negative I've experienced is that my hair is colored & it's stripped that away, so I guess I'm going with my natural hair color while using this product. I previously used Rogaine for Woman, for several months, which had an off putting odor & didn't give Me any new growth, so comparing Hers to Rogaine, I'm definitely sticking with Hers!! I know every woman is different & individual results will vary, but in my opinion, Hers Minoxidil Topical Hair Growth Solution is the way to go!!!",belle08,[],,0,{}
Hers,Minoxidil 2% Topical Solution,target,237123093,2021-06-29T01:00:00.000+00:00,3,Hers,I tried the Hers Minoxidil Hair Growth Solution and I didn't like how it made my hair look and feel after applying it to my scalp. It was really hard to apply to your scalp without getting into your hair.,Harleychic04,[],,0,{}
Hers,Minoxidil 2% Topical Solution,target,237123092,2021-06-29T01:00:00.000+00:00,4,Less hair breakage,I noticed during my brushing and my hair washes that I have less and less on the brush,Cherrypie,[],,0,{}
Hers,Minoxidil 2% Topical Solution,target,237123090,2021-06-29T01:00:00.000+00:00,5,Too soon to tell,"I've enjoyed using hers Minoxidil Topical Hair Growth Solution for the past week. The foam has to be dispensed directly on to a surface then applied to the scalp. I've noticed mild tingling and a stiffness when it gets on my hair, so before bedtime is ideal. This packaging is a month sample, and it states it takes several months to notice a difference, so it's too soon to tell if it will help thicken my part line. I do appreciate products like this being marketed to women, who often experience hair loss but don't do anything about it because of embarrassment.",JenniferS29,[],,0,{}
Hers,Minoxidil 2% Topical Solution,target,237123097,2021-06-28T01:00:00.000+00:00,5,"Keep using it, and it works!","My review is on the Hers minoxidil topical aerosol. I am very pleased with the results and it has worked for me. I have seen new hair fill in places where I didn't have any. My hair seems fuller, thicker and healthier and I would recommend this product.",Rose28,[],,0,{}
Hers,Minoxidil 2% Topical Solution,target,237123095,2021-06-28T01:00:00.000+00:00,3,Noticed new growth quickly,"I have been using hers Minoxidil Topical Hair Growth for a week now and I'm starting to notice SOME new growth. Following the directions EXACTLY, I can see there are peach-fuzz type growth starting along my hairline - nothing dramatic but definitely something. The scent isn't anything offensive and doesn't overpower my shampoo scent which is nice. The dispenser is easy to use and lightly rubbing in does the trick without being all oily and yucky. I look forward to continued use.",tahoekunikitti,[],,0,{}
Hers,Minoxidil 2% Topical Solution,target,237123101,2021-06-25T01:00:00.000+00:00,5,Helpful to speed up hair growth,I really enjoy how easily applicable this product is. The bottom line is that it helps to speed up hair growth and not to agitate the scalp and hair. Highly recommended!,,[],,0,{}
Hers,Minoxidil 2% Topical Solution,target,237123099,2021-06-25T01:00:00.000+00:00,3,Post partum hair,"I noticed after having my first baby that my hair was falling out in clumps. These are the things no one tells you about having a baby. I tried staying on my prenatals, air drying my hair, no hot tools, etc and still every time I washed my hair so many strands would be in the drain. Cue Hers topical hair growth solution... I noticed within days that I was starting to grow some baby hairs where before I was only losing hair! So far I am quite happy with this product. I am hoping with continued use I will continue to track stronger growing voluminous hair!",Moon mama,[],,0,{}
Hers,Minoxidil 2% Topical Solution,target,237123112,2021-06-24T01:00:00.000+00:00,5,Hers Hair Strengthen Grow,This helped with my split ends and stimulate growth and nourish what I have without looking and feeling greasy and stringy.,raranne,[],,0,{}
Hers,Minoxidil 2% Topical Solution,target,237123111,2021-06-24T01:00:00.000+00:00,5,,,,[],,0,{}
Hers,Minoxidil 2% Topical Solution,target,237123110,2021-06-24T01:00:00.000+00:00,4,minoxidil,This product is just like rogaine. Minoxidil is the only proven solution to help with hair regrowth. the application is very easy . A foam application you just rub in you scalp. So far it seems to be working well . I now have baby hair in all my bald spots. I will keep using and update my regrowth . This is a must to start regrowth,xodezzzyxo,[],,0,{}
Hers,Minoxidil 2% Topical Solution,target,237123104,2021-06-24T01:00:00.000+00:00,4,Pretty good so far,I started using Hers minoxidil tropical hair growth solution for about a week. I haven't seen any signs any signs of growth just yet. But I have to say it smells wonderful. I can't wait to see my hair grow longer and healthier.,Pooter Mom,[],,0,{}
Hers,Minoxidil 2% Topical Solution,target,237123107,2021-06-24T01:00:00.000+00:00,5,Hers hair growth solution,I'm in process of using this product so results are early but this is easy to use n I'm sure to see results w full use of product looking forward to seeing how this works for me as this a two month supply,,[],,0,{}
Hers,Minoxidil 2% Topical Solution,target,237123109,2021-06-24T01:00:00.000+00:00,4,So far so good,Product smells good and has clear directions. Application is easy.,,[],,0,{}
Hers,Minoxidil 2% Topical Solution,target,237123114,2021-06-24T01:00:00.000+00:00,5,Great for growth!,I have actually been using this product to help grow my eyebrows thicker. It seems to be working rather well. I haven't noticed any side effects either.,Donadiva86,[],,0,{}
Hers,Minoxidil 2% Topical Solution,target,263298026,2021-06-19T02:49:01.000+00:00,5,So much yes!,"I can vouch for this, it has worked for me. I’ve been using it almost 4 months now and I have seen new hair fill in places where the pores didn’t have any and I’ve had baby hairs grow fuller and more in different phases. The only thing I think I’ve paid attention to more is I’m getting lighter hair in some places. Could be from the sun or the product. But the pros outweigh the cons. About to buy 4 more installments now. Highly recommended based on my results.",Happy Customer,[],True,4,"{""rating_quality"": 5, ""rating_value"": 5}"
Hers,Minoxidil 2% Topical Solution,target,261939946,2021-06-02T14:26:05.000+00:00,3,Thinning hair,I’ve only been using this for a week so I can’t say if it works or not. It is easy to use and the price is excellent.,Kathoust,[],True,5,"{""rating_quality"": 5, ""rating_value"": 5}"
Hers,Minoxidil 2% Topical Solution,target,260435302,2021-05-13T16:32:39.000+00:00,2,More hait loss,"I can’t tell if this is doing anything. If anything I’ve been losing way more hair than usual, but I am also working out a lot so could be from that. I think I will stop using for awhile and see if this is the source of my hair loss or not.",gamezrock,[],False,5,"{""rating_quality"": 2, ""rating_value"": 2}"
Hers,Minoxidil 2% Topical Solution,target,259969114,2021-05-07T16:16:00.000+00:00,1,Just awful,"First off, this stuff immediately made the hair at my scalp appear wet and gave it a sticky texture. It doesn't absorb at all and dry shampoo doesn't help. NOT a good look for thinning hair! Second, this only works for as long as you use it (i.e., plan on buying this forever, or else your hair will just fall out again). Third, only 18% of users saw a difference in 8 months, per the bottle. It typically takes 4 months to see any improvement. Honestly, I'd rather just use mousse and a good hair dryer. Don't waste your money.",CDenard,[],,0,{}
Hers,Minoxidil 2% Topical Solution,target,237123120,2021-05-05T01:00:00.000+00:00,1,It did nothing,"I was excited to try out this line of products as I have very fine, thin hair that is less dense than when in my twenties. I am now in my forties and was looking forward to regaining some density. This product did not help to regrow any hair and it made my hair feel oily when applied.",,[],,0,{}
Hers,Minoxidil 2% Topical Solution,target,237123126,2021-04-27T01:00:00.000+00:00,5,Thicker fuller hair,The appearance of my hair is so much better after using this product. So much fuller and thicker. My hair is also so much healthier and shinier.,,[],,0,{}
Hers,Minoxidil 2% Topical Solution,target,258619954,2021-04-21T06:58:31.000+00:00,1,Causing more hair loss?,"I’ve been using this serum for about a month now and have seen no real improvement, if anything I look and feel worse. I’ve noticed that I’ve had more hair fall out faster than any re-growth and it is honestly devastating for my mental health to suffer with my image like this. I followed instructions to apply twice a day but the only thing I get from hers is a sore sensation in my scalp. I’m honestly confused with all the good reviews, I guess this was just not for me. Just take this into consideration before buying.",L,[],False,2,"{""rating_quality"": 1, ""rating_value"": 1}"
Hers,Minoxidil 2% Topical Solution,target,237123135,2021-04-20T01:00:00.000+00:00,4,Works for me,"I received Hers products for my honest review. I did not post my reviews earlier because I would like to try a little bit longer time to see better results. I used Hers Shampoo, conditioner and serum all together for more than 1 month now and it seems works for me. I suffered from hair loss after I gave birth to my daughter. After using it for a month or so, I saw new hair sticking out which makes me really happy. I will continue using it to see if I can get more hair or not as I really need more hair.",,[],,0,{}
Hers,Minoxidil 2% Topical Solution,target,257588907,2021-04-09T18:26:13.000+00:00,5,Worked for me!,This definitely worked for me! I started having extreme hair loss after having Covid last summer. I tried everything-I tried this and it worked after just one month! I only applied once daily and have since run out but it’s still growing and my hair has returned to how I use to have it! Definitely have told many who suffer from hair loss to try!,Yesi,[],True,13,"{""rating_quality"": 5, ""rating_value"": 5}"
Hers,Minoxidil 2% Topical Solution,target,257457895,2021-04-08T05:15:24.000+00:00,5,This works but you have to stick with it,"I started using this last December 2020 as I was seeing hair loss (probably due to quarantine stress), and it is now April. I have had two of my neighbors tell me that my hair looked luxurious, my husband complimented my hair, my best friend said my hair looked amazing, and my mother - who blurts out her opinion good or bad - told me my hair looked great. I have tons of short hairs coming in, so the only down side is that I have a fuzzy halo if I don't blow dry my hair straight.",Decent bras,[],,18,"{""rating_quality"": 5, ""rating_value"": 5}"
Hers,Minoxidil 2% Topical Solution,target,237123157,2021-04-02T01:00:00.000+00:00,1,I had a bad reaction...,"I had a bad reaction to the active ingredient minoxidil, my heart was racing so I couldn't use it after there 1st application.",,[],,0,{}
Hers,Minoxidil 2% Topical Solution,target,237123169,2021-04-01T01:00:00.000+00:00,5,,,,[],,0,{}
Hers,Minoxidil 2% Topical Solution,target,237123176,2021-03-30T01:00:00.000+00:00,5,hers Minoxidil Topical Hair Growth Solution Was great!,"I have suffered some hair loss most likely from all the stress of this year. I've never used any serums on my hair so this treatment was new to me. I have been using it for a few weeks and I am so impressed! The serum is not oily or heavy, it does not clog my pores or make my hair greasy. It's been a few weeks and I am seeing some shorter hairs coming in, my heir feels fuller! I am so excited to continue using this product and definitely plan to repurchase! I have already recommended it to my family and friends!",,[],,0,{}
Hers,Minoxidil 2% Topical Solution,target,237123184,2021-03-29T01:00:00.000+00:00,4,I see some difference.,I received the her minoxidil topical hair growth solution for my honest review. I wanted to use this for at least a month before I posted this review. I have noticed a slight difference in my hair thickness. I do want to keep using this to make my hair more in volume.,,[],,0,{}
Hers,Minoxidil 2% Topical Solution,target,237123196,2021-03-28T01:00:00.000+00:00,5,Love this,I love this hers product it helped my hair grow and it smells so good. It Leaves my hair and scalp feeling amazing.,,[],,0,{}
Hers,Minoxidil 2% Topical Solution,target,237123198,2021-03-28T01:00:00.000+00:00,5,Great product that really works!!!,I liked that it didn't make me hair greasy like the other ones. it actually works.!! I notice some growth immediately. Great choice of product!!!!,,[],,0,{}
Hers,Minoxidil 2% Topical Solution,target,237123211,2021-03-26T01:00:00.000+00:00,5,Hers Minoxidil Tropical Hair Growth Solution,"It's amazing. If you want to grow your hair faster and keep it health, this is the product for you. I do recommend hers to anyone wanting to enhance their hair growth. I love it",Holly C.,[],,0,{}
Hers,Minoxidil 2% Topical Solution,target,237123213,2021-03-26T01:00:00.000+00:00,5,Amazing product,hers Minoxidil Topical Hair Growth Solution helped my hair grow. I saw my hair growing quickly when using this product. I like how easy it is to use and apply to my head. It didn't irritated my skin or head. I would buy this product and I would recommend it to others.,,[],,0,{}
Hers,Minoxidil 2% Topical Solution,target,237123224,2021-03-25T01:00:00.000+00:00,5,Hers Hair Regrowth Treatment,"This product is awesome in that it reactivates your hair follicles to stimulate your hair to regrow. As we get older, our hair thins and we begin to develop hair loss. This product helps to keep what you still have. This product will not help to give you back hair that you no longer have, but it will stop the degree of thinning and hair loss and allow your new hair growth to be strengthened.",,[],,0,{}
Hers,Minoxidil 2% Topical Solution,target,237123249,2021-03-14T15:00:00.000+00:00,4,Easy To Apply,"To make it easier to apply the treatment, it is important to divide the hair in the areas that you need the most. With just applying a few small portions, you make a slight movement and that's it. For best results, it should be applied 2 times a day, obtaining results in several months.",,[],,0,{}
Hers,Minoxidil 2% Topical Solution,target,237123263,2021-03-11T16:00:00.000+00:00,5,Awesome product,I tried all three shampoo conditioner and serum. And I can't explain in words how happy I am. After my baby my hair starts falling off more often like I was thinking I will be bald this product helped me save my hair and also helped growing new. Buy it you won't regret it,,[],,0,{}
Hers,Minoxidil 2% Topical Solution,target,237123274,2021-03-10T16:00:00.000+00:00,5,Growth,"Perfect for hair that's excessively shedding, this oil-eliminating shampoo from Hers works to stop your hair follicles from shrinking by washing away excess oil and buildup.  At first glance, I love the super minimal design of the bottle. It looks nice in my shower, and it doesn't scream ""hair loss"" at anyone. It also happens to smell quite nice, like a light botanical scent. When first shampooing, my hair immediately felt like it had a little more body to it and overall it felt clean. The conditioner has a blend of amino acids that will help damaged hair and boost strength and shine. It has a really creamy formula that I really love. It's filled with amazing ingredients for your hair like argan oil, coconut oil, and sunflower seed oil. After rinsing, my hair felt really smooth and it was super easy to comb. I really think my hair looks shinier and thicker. I am loving the easy this smells and I really enjoy that the pleasant smell continues throughout my day. The hair regrowth solution contains the active ingredient minoxidil 2%, along with alcohol, propylene glycol, and purified water. It's used to help with the main issues connected to women's hair loss and ""promotes hair growth by shedding old hairs and replacing them with new ones."" It does have a semi-harsh chemical scent but as my hair dried, I didn't notice the smell at all. Overall Hers really seems to be helping my hair. I have only been using this for approx. 30 days so I do not think I can expect full results in just one month, but I definitely see promise in hers' treatment. I think the hers Complete Hair Kit is a product that really can help regrow hair. If you have thinning hair I would for sure recommend giving this a try. #hers #hersshampoo #hersconditioner #hersregrowth # aging #thinning # #hairkit #argonoil #creamy #shiny #hairloss #over40 #momsofinstagram #reviewer # haircare #nomoreshedding #bzzagent",,[],,0,{}
Hers,Minoxidil 2% Topical Solution,target,237123276,2021-03-10T16:00:00.000+00:00,5,Impressed!,"It's still too early to see the final results, but after a couple of weeks, my scalp feels revitalized, healthy, and soothed. My hair looks SO good after using this along with the shampoo and conditioner. It's never been bouncier and thicker!!.",,[],,0,{}
Hers,Minoxidil 2% Topical Solution,target,237123310,2021-03-05T16:00:00.000+00:00,5,Hair Regrowth Treatment,hers Minoxidil Topical Hair Growth Solution - 2oz works fast and easy to use. The teardrop adapter made it very easy too get the perfect amount for each use which is one ml 2 times a day directly onto the scalp in the hair loss area. I really was shocked too see new hair growth literally was in tears of joy. My friends and family noticed & complimented my results which gave me lots of confidence where before I didn't. My experience with this product was like nothing I could compare too. Change my life this product is the best hair growth product I've ever used in my life other similar products didn't work for me my scalp never showed results of new hair growth like hers Minoxidil Topical Hair Growth Solution - 2oz! Met expectations this product is a blessing too my life. I highly recommended you try if you're experiencing hair loss or thinning. My favorite part was everything the results the easy instructions & price is very affordable. I wouldn't change anything about this product the packaging is beautiful. The results are amazing and shocking. One of the best products I've ever used for my hair. I already bought more so I can always have this in my hair routine.,,[],,0,{}
Hers,Minoxidil 2% Topical Solution,target,237123334,2021-03-03T16:00:00.000+00:00,5,Hers Thickening Shampoo,"This shampoo is great! It has a fresh minty fragrance. You don't need a lot because it lathers up really well. With my thinning hair, I needed something to help thicken my hair.",,[],,0,{}
Hers,Minoxidil 2% Topical Solution,target,237123341,2021-03-02T16:00:00.000+00:00,4,Runny!,"I wanted to like this product but it was kind of a hassle to use. The 1ml amount might not sound like a lot but boy, it seemed like so much liquid to put on my head! It ran all over the place and because I already have thinning hair to begin with, the solution couldn't really be applied evenly. The directions also don't say when or how far apart the two applications per day should be applied so that was confusing. I didn't see any side effects but I also didn't see visible regrowth. I did notice some decrease of shedding, which is great. Wish the instructions were clearer and that it wasn't so runny and filmy.",,[],,0,{}
Hers,Minoxidil 2% Topical Solution,target,237123371,2021-03-01T16:00:00.000+00:00,4,Growth treatment,This stuff works amazing it even makes my hair so soft and smells amazing!,,[],,0,{}
Hers,Minoxidil 2% Topical Solution,target,237123372,2021-03-01T16:00:00.000+00:00,4,Works,I have been using the solution for almost 2 weeks now. And i feel some baby hair growing. I am hopeful and planning to repurchase it. It just smells a little weird.,,[],,0,{}
Hers,Minoxidil 2% Topical Solution,target,237123370,2021-03-01T16:00:00.000+00:00,5,Cool product,I haven't used a product for hair regrowth before. After using this product for a little while I did notice and increase of hair growth.,,[],,0,{}
Hers,Minoxidil 2% Topical Solution,target,237123373,2021-03-01T16:00:00.000+00:00,5,Excellent,"Excellent product for scalp, it's very fresh and comfortable.",,[],,0,{}
Hers,Minoxidil 2% Topical Solution,target,237123369,2021-03-01T16:00:00.000+00:00,5,It really worked for me!!,"I'm so amazed by this product. I was extremely doubtful about whether there was anything that could save my hair from the awful hair loss I was experiencing. Low and behold, I started seeing the difference within 2 and a half weeks of usage. Truly spectacular!!",,[],,0,{}
Hers,Minoxidil 2% Topical Solution,target,254072699,2021-02-28T17:04:19.000+00:00,4,Hims & Hers review,"Purchased the kit and have been using for a month. I took the kit to my dermatologist before starting treatment and she indicated out of all the products on the market, this is the one product she would recommend. She also stated it takes approximately 8 months to get the full benefit. I am happy so far. Smell is wonderful, and only a tiny amount of shampoo and conditioner is needed each washing.",Debra,[],True,3,"{""rating_quality"": 5, ""rating_value"": 4}"
Hers,Minoxidil 2% Topical Solution,target,253715437,2021-02-24T08:20:57.000+00:00,3,Ok,"It works ok not great results or fast , not sure if I’d recommend this product .",Mrhp,[],,1,"{""rating_quality"": 3, ""rating_value"": 3}"
Hers,Minoxidil 2% Topical Solution,target,253030389,2021-02-15T15:28:00.000+00:00,4,Seems to work pretty good,Only time will tell. Only been a week,Dianne,[],,1,"{""rating_quality"": 4, ""rating_value"": 4}"
Hers,Minoxidil 2% Topical Solution,target,250896091,2021-01-21T20:40:13.000+00:00,2,Nah,I think it made my hair fall out.,ld,[],,0,{}
Hers,Minoxidil 2% Topical Solution,target,237123462,2021-01-17T16:00:00.000+00:00,4,Some Changes,I have seen some changes after using the product constantly for a month. I am not sure if I would have seen a change had I not done this. I plan to continue using to see how much change on a particular spot on my scalp happens. I also love the smell of this product. I also used this while using the shampoo and conditioner.,Valery,[],,0,{}
Hers,Minoxidil 2% Topical Solution,target,237123461,2021-01-17T16:00:00.000+00:00,4,Invigorating sensation,I enjoyed using this serum to thicken and invigorate my hair growth. I got several comments that I was having a great hair day during this trial. I know that is related to using the hers products.,Nikki S,[],,0,{}
Hers,Minoxidil 2% Topical Solution,target,237123464,2020-12-28T16:00:00.000+00:00,2,Still unsure,"I've been using hers Minoxidil Topical Hair Growth Solution for about 2 months now, and I'm still not sure exactly how I feel about it. I haven't seen any visible results in terms of thicker hair or new hair growth. My hair is very thin, so I was really hoping hers Minoxidil topical Growth Solution would result in my hair becoming thicker. I also experience hair fall out. If anything, there might be a slight improvement in the amount and frequency of hairs that fall out. However, it's not enough of an improvement that would cause me to recommend the product based on that alone. Overall, I just haven't seen the results I was hoping for. Though, after some research I found that this type of treatment can take up to 6 months to really experience results. Because of that, I am going to continue to use this product in hopes of achieving it's full potential later down the line.",NicholeH317,[],,0,{}
Hers,Minoxidil 2% Topical Solution,target,237123479,2020-12-09T16:00:00.000+00:00,3,No Real Change,HERS Minoxidil Topical Hair Growth Solution did not provide me with any noticeable results.,,[],,0,{}
Hers,Minoxidil 2% Topical Solution,target,237123488,2020-12-08T16:00:00.000+00:00,3,More time!,"I wanted to leave a nice review for this product, but I wasn't given enough time to properly review. 1 and half weeks in not even time to tell if a hair thickening product works. So, I will just say that this kit smells nice and has a good consistency to it. Hopefully I will be able to add more info to this review with use.",,[],,0,{}
Hers,Minoxidil 2% Topical Solution,target,237123487,2020-12-08T16:00:00.000+00:00,4,I can see it working,"I received hers Minoxidil Topical Hair Growth Solution, Thickening Conditioner & Thickening Shampoo FREE courtesy of BzzAgent for review purposes. I have been using these products for a month and can see a difference. I had a lot of hair loss due to postpartum and extreme stress. Since starting this routine, I've noticed my hair has started to grow back. My only negative feedback would be that the drops are really runny and the scent of the shampoo and conditioner. I'm huge on scents and these were definitely not for me. All in all, I will keep using these and would definitely recommend.",,[],,0,{}
Hers,Minoxidil 2% Topical Solution,target,237123508,2020-12-07T16:00:00.000+00:00,3,This solution didn't work for me...,"I have been using the hers Minoxidil Topical Hair Growth Solution for 3 weeks now and honestly haven't seen any difference. I also thought it was messy and difficult to apply since it was a liquid and only was to be applied to the target areas, I think a thicker solution may have been better so it would stay put.",,[],,0,{}
Hers,Minoxidil 2% Topical Solution,target,237123512,2020-12-07T16:00:00.000+00:00,3,Maybe I didn't use long enough,I did not notice any differences with my hair. I don't believe I had enough time to try it out before reviewing. It does smell nice and isn't greasy.,,[],,0,{}
Hers,Minoxidil 2% Topical Solution,target,237123509,2020-12-07T16:00:00.000+00:00,4,So far so good,"I have noticed some new growth after using this products for a few weeks. It's not overly greasy or sticky feeling, and the smell is tolerable.",,[],,0,{}
Hers,Minoxidil 2% Topical Solution,target,237123529,2020-12-06T16:00:00.000+00:00,3,No difference,I have a bad breakage in the middle of my hair and I thought this would be a good product to use but at the moment I don't see a change in it getting thicker or better maybe I need to use it for a longer use but right now not my favorite and I don't like how it kinda reminds me of an Alcohol kind of feel and smell and the way it Absorbs,Moe,[],,0,{}
Hers,Minoxidil 2% Topical Solution,target,237123583,2020-12-05T16:00:00.000+00:00,5,New hairs coming in!,"Wow, I wasn't thinking much would happen, but this hair serum has made some new hairs pop up! I'm so happy! I had some hair loss around my hairline, and now I see it coming back. I'm going to keep buying this, because it works!",,[],,0,{}
Hers,Minoxidil 2% Topical Solution,target,237123576,2020-12-05T16:00:00.000+00:00,5,Hair Growth,"I've noticed that my hair has been thinning this past year and I've always shredded a lot throughout the years. After using this product, I'm glad that it doesn't make my hair greasy.",,[],,0,{}
Hers,Minoxidil 2% Topical Solution,target,237123580,2020-12-05T16:00:00.000+00:00,5,Great product!,I have been using this product for a little while now and actually just went and purchased a second bottle to continue using. I am seeing great results so far!,,[],,0,{}
Hers,Minoxidil 2% Topical Solution,target,237123573,2020-12-05T16:00:00.000+00:00,4,Pretty good product so far!,I wanted to try this product because my hair had began thinning on top. I noticed immediately that my hair felt cleaner. I really like the conditioner because it made my hair feel moisturized. My hair is a little bit thicker since I've been using the products. I have been using the growth solution and so far have not seen any changes. I might need to continue using it a little longer. Overall I'm happy with the results so far.,dawnathan86,[],,0,{}
Hers,Minoxidil 2% Topical Solution,target,237123581,2020-12-05T16:00:00.000+00:00,5,Works great!,My hair is actually thicker and I could see it after the first week with Minoxidil Topical Hair Growth Solution ! I would recommend it to any women who feel their hair is unfortunately thinning out !,,[],,0,{}
Hers,Minoxidil 2% Topical Solution,target,237123609,2020-12-04T16:00:00.000+00:00,3,Tingly,I really wanted to give this a try but it made my scalp tingly.,,[],,0,{}
Hers,Minoxidil 2% Topical Solution,target,237123605,2020-12-04T16:00:00.000+00:00,5,Love this hair growth solution!,"This is the first time I have tried this brand and I must say I liked it very much. I am really impressed with its results after using this hair growth solution for more than a month, Initially, I was not sure if this will work for me but after continuous use, I have seen a great improvement in my hair texture, volume and, strength. How to use: The application is smooth and easy, It comes with an easy-to-use dropper & only 1 full dropper is enough for me. I use it twice a day, once in the morning and at night before going to bed. Overall opinion This is incredible, I am very impressed with its results & my hair look healthier and stronger than before. I am surprised that this has actually worked. I had thin hair on the crown but after continuous use, I have really seen a remarkable improvement in my hair. My hair fall has also reduced and the best part is I have seen new baby hair coming out of the follicle which makes me really happy and prompts me to buy more. My bottle is about to be finished and after seeing its astonishing results I will definitely purchase this again. I would highly recommend it because of the benefits that I have seen so far and whoever has similar issues should try this to see the amazing results.",,[],,0,{}
Hers,Minoxidil 2% Topical Solution,target,237123633,2020-12-03T16:00:00.000+00:00,5,Wild hair growth!,This solution really promotes serious hair growth.. I mean the fuzz regrowth factor is big after 2 days of use. Apply as directed and just watch! Cool product from an awesome company! :),,[],,0,{}
Hers,Minoxidil 2% Topical Solution,target,237123632,2020-12-03T16:00:00.000+00:00,4,Hers system,"I've been using the shampoo, conditioner and minoxidil. My hair feel really nice and definitely made it look and feel thick. I've only been using it for a month and i've seen a big difference in my hair. The shampoo and condition smell great. The minoxidil did make my hair a little greasy.",,[],,0,{}
Hers,Minoxidil 2% Topical Solution,target,237123664,2020-12-02T16:00:00.000+00:00,1,Not for me,"It didn't do much for me but force me to wash my hair every day. I just didn't notice a difference, personally.",Heather G,[],,0,{}
Hers,Minoxidil 2% Topical Solution,target,237123662,2020-12-02T16:00:00.000+00:00,3,Interesting,"This product doesn't really have a scent (which is nice), but was a bit intimidating to unbox and use. Really though, it's simple enough - but I would often forget to use it twice a day (as it recommends). I was a bit worried when it mentioned possible changes to hair color, but so far I seem to be fine. I don't know how enthused I am about this product, but I do think I will form more of an opinion over time and continued use.",,[],,0,{}
Hers,Minoxidil 2% Topical Solution,target,237123713,2020-12-01T16:00:00.000+00:00,3,Hmm not sure,I love the concept but it's not somthing I would use. I would be more likely to use a thickening spray,,[],,0,{}
Hers,Minoxidil 2% Topical Solution,target,237123710,2020-12-01T16:00:00.000+00:00,3,It's ok,I used this as directed and didn't see much of a result. Given it does say it may take months for result. When I put it on my areas it does drip down a bit. I combed it through with a fine tooth comb and it does get a bit crunchy when it drys. Not a big fan .,Letty85,[],,0,{}
Hers,Minoxidil 2% Topical Solution,target,237123708,2020-12-01T16:00:00.000+00:00,3,hers Minoxidil,"I think I needed more time to see results so it's hard to truly give a well-rounded review. My hair grows slowly on its own so that could be why I didn't see any results. Additionally, there is a very potent smell. This is on-par with other monoxidil products.",,[],,0,{}
Hers,Minoxidil 2% Topical Solution,target,237123717,2020-12-01T16:00:00.000+00:00,3,Minoxidil,"I found it worked good in thickening my hair, but I don't believe it worked at all in growing my hair. I have spots that are balding, but no change was seen.",,[],,0,{}
Hers,Minoxidil 2% Topical Solution,target,237123721,2020-12-01T16:00:00.000+00:00,1,Unsure,I haven't seen any results since I started using this product a few weeks ago.,,[],,0,{}
Hers,Minoxidil 2% Topical Solution,target,237123714,2020-12-01T16:00:00.000+00:00,4,Works,It works. After 1 month of use I notice my postpartum hair loss is growing again! I gave it 4 stars vs 5 cause it left my hair more oily than I would like!,,[],,0,{}
Hers,Minoxidil 2% Topical Solution,target,237123719,2020-12-01T16:00:00.000+00:00,3,Hair Growth Solution That May Help,"I got the chance to try this product and had huge hopes of my hair growing by the inches after using it. However, I haven't seen much difference in my hair growth at all.",,[],,0,{}
Hers,Minoxidil 2% Topical Solution,target,237123754,2020-11-30T16:00:00.000+00:00,5,Good product,My mom is using this product and so far it's great and smells nice.,,[],,0,{}
Hers,Minoxidil 2% Topical Solution,target,237123755,2020-11-30T16:00:00.000+00:00,5,It's a miracle,I was cautious about seeking help with hair growth- i am pleasantly surprised. It's not greasy at all. This has significant helped my hairs shedding and my hair feels so much thicker,,[],,0,{}
Hers,Minoxidil 2% Topical Solution,target,237123752,2020-11-30T16:00:00.000+00:00,4,Science works,"I believe there should be no shame in using a topical treatment like this to stimulate hair regrowth. I did some research on the active ingredient in this product and it is proven to work with consistent use. But not for about 40 days of consistent use. That's the only catch you need to be a patient consistent habitual user to truly see results. I have not been using that long but do have hope. Be advised that you might see your existing hair shedding. I read that this is because: ""The minoxidil stimulates the resting hairs to cycle into the growing phase. This shedding resolves as the newer, healthier hairs grow in."" Simple beautiful packaging. Admiral branding.",,[],,0,{}
Hers,Minoxidil 2% Topical Solution,target,244474026,2020-11-27T18:51:25.000+00:00,1,Not recommended due to side effects,"I really liked the product. Followed the instructions. It was working...even continued buying. Then, I noticed facial hair (NEVER had it before) and other side effects. I stopped using it. Now, waiting for my facial hair to disappear. Afraid of shaving....",LaLa,[],False,6,{}
Hers,Minoxidil 2% Topical Solution,target,237123765,2020-11-23T16:00:00.000+00:00,4,Thick hair,"This product is good, but heavy feel of medicine. Maybe hiding the scent might help.",,[],,0,{}
Hers,Minoxidil 2% Topical Solution,target,237123768,2020-11-22T16:00:00.000+00:00,5,Amazing results,It has only been a couple of weeks since I started using the hers Minoxidil Topical Hair Growth Solution but I am already seeing results. My hair immediately seemed thicker. and I am seeing the area that was thinning start to fill out. I have a bit of trouble keeping the solution where I want it - I wish they could make it thicker but as far as performance - I'm very happy with the product.,,[],,0,{}
Hers,Minoxidil 2% Topical Solution,target,237123779,2020-11-19T16:00:00.000+00:00,5,Great solution for women hair loss,I noticed thinning hair up from and I was embarrassed. I was glad to find this product. It was in safely sealed wrapping. The pacing looks up scale and nice. It's also obscure enough that you're comfortable having it on the counter in the bathroom. I like this product quite a lot. Super excited to continue using it!,,[],,0,{}
Hers,Minoxidil 2% Topical Solution,target,237123798,2020-11-16T16:00:00.000+00:00,4,See some improvement.,I like that this is easy to use but using on dry hair it did make my roots look a little greasy. I have seen some improvement in smaller areas but haven't been using long enough to notice a huge difference.,,[],,0,{}
Hers,Minoxidil 2% Topical Solution,target,237123802,2020-11-16T16:00:00.000+00:00,4,Enthusiastically waiting,"I was skeptical about this product, because the ones I have used in the past have not yielded any results. The product says results within 3-6 month, but I am beginning to see some growth after a month of usage.",,[],,0,{}
Hers,Minoxidil 2% Topical Solution,target,237123800,2020-11-16T16:00:00.000+00:00,4,Solution for growth,I really like this so far I've only used it three times but it is not sticky or make my head hurt it doesn't smell horrible either it makes my hair feel thick too which is awesome,,[],,0,{}
Hers,Minoxidil 2% Topical Solution,target,243044077,2020-11-14T18:53:55.000+00:00,4,Working for me so far,I’ve been using this daily (am & pm) for a number of months now with some positive measurable results. Get it. Try it and hey if you don’t see anything after a month or two move on.,StuckAtHome,[],True,0,{}
Hers,Minoxidil 2% Topical Solution,target,237123823,2020-11-11T16:00:00.000+00:00,3,Thickening solution,"Now that I am getting older, my genes are starting to catch up with me and my hair is starting to thin out. This solution is specifically for women and I am not seeing a major difference in my hair. I don't see much hair growth happening, the strands do seem slightly thicker.",,[],,0,{}
Hers,Minoxidil 2% Topical Solution,target,241978047,2020-11-03T17:36:57.000+00:00,5,,"My hair is thinning due to possible genetics and stress, but I was balking at paying $40  for more well-known hair regrowth brands. I’ve been using this for two months, and am beginning to see some results. I use it when my hair is wet and dry, and have not seen the greasiness other commenters have. Your hair appears wet during the time it takes to dry, so keep that in mind if you’re having to go out the door after application. Other than that, it’s easy to apply and seems to be working.",Colleen,[],True,2,{}
Hers,Minoxidil 2% Topical Solution,target,240788907,2020-10-20T17:34:50.000+00:00,5,,"I was really skeptical... I’m on my second bottle and I already see a huge difference. It can be genetics, stress, getting older (2020, in general)... whatever it is, being a woman with thinning hair can be really hard to take. I don’t think it hurts to try this product out. Your hair does shed quite a bit at first, but just keep using it, the hair that grows in is way more exciting and fills everything in. I find applying it after a shower, when your hair is wet, and then styling your hair works best. I was worried I wouldn’t be able to keep using it because it makes your hair look dirty and greasy if you just add it to your already dry, styled hair. Good luck and I hope it works for you, I definitely see a difference and as much as I love my grandma I do not want her lack of hair.",cfaz,[],True,4,{}
Hers,Minoxidil 2% Topical Solution,target,240449712,2020-10-16T15:55:17.000+00:00,5,Hair growth product,This product work. It says 3-6 months. I notice some growth immediately. Great choice of product!,Jaydom,[],True,2,{}
Hers,Minoxidil 2% Topical Solution,target,234400117,2020-07-31T17:45:25.000+00:00,5,great product that really works,I liked that it didn't make me hair greasy like the other ones. it actually works. I tried another kind after this and it just made my hair fall out again. I will be going back to the HERS and HIS brand.,Lea7997,[],True,1,{}
